{"cameraMode":{"drawMode":0,"name":"Shaded","section":"Shading Mode"},"sceneLighting":true,"audioPlay":false,"sceneViewState":{"showFog":true,"showMaterialUpdate":false,"showSkybox":true,"showFlares":true,"showImageEffects":true,"showParticleSystems":true},"in2DMode":false,"pivot":{"x":9.396429061889649,"y":20.32232093811035,"z":2.574166774749756},"rotation":{"x":0.0014842298114672304,"y":0.9719569087028503,"z":-0.23508460819721223,"w":0.006123168393969536},"size":31.435256958007814,"orthographic":false}