{"cameraMode":{"drawMode":0,"name":"Shaded","section":"Shading Mode"},"sceneLighting":true,"audioPlay":false,"sceneViewState":{"showFog":true,"showMaterialUpdate":false,"showSkybox":true,"showFlares":true,"showImageEffects":true,"showParticleSystems":true},"in2DMode":false,"pivot":{"x":9.396429061889649,"y":20.32232093811035,"z":2.574166774749756},"rotation":{"x":0.13730938732624055,"y":0.43252941966056826,"z":-0.06683244556188584,"w":0.8885957598686218},"size":10.0,"orthographic":false}